{
  "Shape": {
    "mode": 0,
    "size": 0.10000000149011612,
    "sides": 12
  },
  "Style": {
    "backgroundColor": -1,
    "lineColor": -13877680,
    "lineWidth": 1.899999976158142
  },
  "Page": {
    "clipping": false,
    "clip_width": 0,
    "margin": 2,
    "clip_height": 0,
    "paper_format": 0,
    "global_scale": 1
  },
  "Dots": {
    "min_value": 0,
    "density": 1.5820000171661377,
    "invert": false,
    "seed": 82451,
    "contrast": 8.829999923706055,
    "threshold": 255,
    "gamma": 1.9279999732971191,
    "max_value": 200.60000610351562
  },
  "Image": {
    "reset_image": false,
    "Blur": 1,
    "Width": 1688.0001220703125,
    "Contrast": 0,
    "source_file": "pngtree-clouds-from-an-aeroplane-against-a-sunset-image_13118846.jpg"
  }
}