{
  "Shape": {
    "mode": 0,
    "MODE_POLYGON": 1,
    "size": 0.10000000149011612,
    "sides": 12,
    "MODE_POINT": 0
  },
  "Style": {
    "backgroundColor": -1,
    "lineColor": -13877680,
    "lineWidth": 1.566666603088379
  },
  "Page": {
    "clipping": false,
    "clip_width": 0,
    "margin": 2,
    "clip_height": 0,
    "paper_format": 0,
    "global_scale": 1
  },
  "Dots": {
    "min_value": 22.100000381469727,
    "density": 1.2653334140777588,
    "seed": 82451,
    "contrast": 14.14666748046875,
    "gamma": 1.9773333072662354,
    "max_value": 196.35000610351562
  },
  "Image": {
    "reset_image": false,
    "Blur": 1,
    "Width": 776,
    "Contrast": 0,
    "source_file": "eye2.png"
  }
}